task_type,trial_number,stimulus,word,color,num1,num2,correct_answer,response,reaction_time,reaction_time_from_onset,correct,event,page,time_ms
Baseline,,,,,,,,,,,,baseline_start,,0
Baseline,,,,,,,,,,,,signal_check_start,,0
Baseline,,,,,,,,,,,,eyes_open_start,,10004
Baseline,,,,,,,,,,,,blinks_start,,70012
Baseline,,,,,,,,,,,,blink_1,,72628
Baseline,,,,,,,,,,,,blink_2,,76652
Baseline,,,,,,,,,,,,blink_3,,80667
Baseline,,,,,,,,,,,,blink_4,,84682
Baseline,,,,,,,,,,,,blink_5,,88698
Baseline,,,,,,,,,,,,h_move_start,,90106
Baseline,,,,,,,,,,,,h_move_step1,,90117
Baseline,,,,,,,,,,,,h_move_step2,,93872
Baseline,,,,,,,,,,,,h_move_step3,,97629
Baseline,,,,,,,,,,,,h_move_step4,,101386
Baseline,,,,,,,,,,,,v_move_start,,105143
Baseline,,,,,,,,,,,,v_move_step1,,105143
Baseline,,,,,,,,,,,,v_move_step2,,108900
Baseline,,,,,,,,,,,,v_move_step3,,112657
Baseline,,,,,,,,,,,,v_move_step4,,116415
Baseline,,,,,,,,,,,,eyes_closed_start,,120172
Baseline,,,,,,,,,,,,baseline_end,,182205
Fairy Tale,,,,,,,,,,,,task_start,,0
Fairy Tale,,,,,,,,,,,,page_view,1,74
Fairy Tale,,,,,,,,,,,,page_view,2,10941
Fairy Tale,,,,,,,,,,,,page_view,3,25313
Fairy Tale,,,,,,,,,,,,page_view,4,29873
Fairy Tale,,,,,,,,,,,,page_view,5,49463
Fairy Tale,,,,,,,,,,,,page_view,6,60511
Fairy Tale,,,,,,,,,,,,page_view,7,71181
Fairy Tale,,,,,,,,,,,,page_view,8,88310
Fairy Tale,,,,,,,,,,,,page_view,9,100513
Fairy Tale,,,,,,,,,,,,page_view,10,113531
Fairy Tale,,,,,,,,,,,,page_view,11,122449
Fairy Tale,,,,,,,,,,,,page_view,12,134225
Fairy Tale,,,,,,,,,,,,page_view,13,143088
Fairy Tale,,,,,,,,,,,,page_view,14,151843
Fairy Tale,,,,,,,,,,,,page_view,15,155074
Fairy Tale,,,,,,,,,,,,page_view,16,172451
Fairy Tale,,,,,,,,,,,,task_end,16,180002
Passive Video,,,,,,,,,,,,task_start:video,,0
Passive Video,,,,,,,,,,,,task_end,,180100
Addition,1,,,,613,571,1184,1184,9329,,True,,,
Addition,2,,,,263,706,969,969,5056,,True,,,
Addition,3,,,,912,831,1743,1734,8650,,False,,,
Addition,4,,,,817,535,1352,1352,10668,,True,,,
Addition,5,,,,765,837,1602,1602,7820,,True,,,
Addition,6,,,,941,682,1623,1723,8155,,False,,,
Addition,7,,,,332,895,1227,1227,11061,,True,,,
Addition,8,,,,705,839,1544,1544,5891,,True,,,
Addition,9,,,,838,798,1636,1626,9050,,False,,,
Addition,10,,,,631,471,1102,1102,11335,,True,,,
Addition,11,,,,350,437,787,787,5494,,True,,,
Addition,12,,,,607,836,1443,1443,6830,,True,,,
Addition,13,,,,262,526,788,788,5019,,True,,,
Addition,14,,,,222,863,1085,1085,6300,,True,,,
Addition,15,,,,755,360,1115,1115,9158,,True,,,
Addition,16,,,,978,887,1865,1865,12288,,True,,,
Addition,17,,,,166,151,317,317,7307,,True,,,
Addition,18,,,,360,484,844,844,8007,,True,,,
Addition,19,,,,810,274,1084,incomplete,4972,,False,,,
CPT-X,1,H,,,,,,none,,,False,,,
CPT-X,2,X,,,,,,c,627,,True,,,
CPT-X,3,M,,,,,,space,417,,True,,,
CPT-X,4,S,,,,,,space,372,,True,,,
CPT-X,5,F,,,,,,space,386,,True,,,
CPT-X,6,Z,,,,,,space,419,,True,,,
CPT-X,7,E,,,,,,space,353,,True,,,
CPT-X,8,X,,,,,,c,431,,True,,,
CPT-X,9,X,,,,,,c,368,,True,,,
CPT-X,10,X,,,,,,c,349,,True,,,
CPT-X,11,D,,,,,,space,345,,True,,,
CPT-X,12,H,,,,,,space,611,,True,,,
CPT-X,13,X,,,,,,c,329,,True,,,
CPT-X,14,X,,,,,,c,377,,True,,,
CPT-X,15,U,,,,,,space,360,,True,,,
CPT-X,16,U,,,,,,space,480,,True,,,
CPT-X,17,X,,,,,,c,309,,True,,,
CPT-X,18,N,,,,,,space,401,,True,,,
CPT-X,19,X,,,,,,c,281,,True,,,
CPT-X,20,X,,,,,,c,375,,True,,,
CPT-X,21,H,,,,,,space,410,,True,,,
CPT-X,22,P,,,,,,space,369,,True,,,
CPT-X,23,X,,,,,,c,364,,True,,,
CPT-X,24,E,,,,,,space,306,,True,,,
CPT-X,25,X,,,,,,c,355,,True,,,
CPT-X,26,V,,,,,,space,391,,True,,,
CPT-X,27,V,,,,,,space,401,,True,,,
CPT-X,28,E,,,,,,space,352,,True,,,
CPT-X,29,N,,,,,,space,358,,True,,,
CPT-X,30,X,,,,,,c,325,,True,,,
CPT-X,31,X,,,,,,c,522,,True,,,
CPT-X,32,B,,,,,,space,356,,True,,,
CPT-X,33,K,,,,,,space,440,,True,,,
CPT-X,34,J,,,,,,space,367,,True,,,
CPT-X,35,P,,,,,,space,346,,True,,,
CPT-X,36,Z,,,,,,space,318,,True,,,
CPT-X,37,X,,,,,,c,520,,True,,,
CPT-X,38,X,,,,,,c,412,,True,,,
CPT-X,39,U,,,,,,space,326,,True,,,
CPT-X,40,M,,,,,,space,352,,True,,,
CPT-X,41,B,,,,,,space,339,,True,,,
CPT-X,42,B,,,,,,space,317,,True,,,
CPT-X,43,S,,,,,,space,318,,True,,,
CPT-X,44,K,,,,,,c,333,,False,,,
CPT-X,45,Z,,,,,,space,411,,True,,,
CPT-X,46,M,,,,,,space,366,,True,,,
CPT-X,47,X,,,,,,c,421,,True,,,
CPT-X,48,P,,,,,,space,320,,True,,,
CPT-X,49,X,,,,,,c,370,,True,,,
CPT-X,50,U,,,,,,space,330,,True,,,
CPT-X,51,M,,,,,,space,295,,True,,,
CPT-X,52,A,,,,,,space,319,,True,,,
CPT-X,53,L,,,,,,space,367,,True,,,
CPT-X,54,N,,,,,,space,315,,True,,,
CPT-X,55,X,,,,,,c,441,,True,,,
CPT-X,56,X,,,,,,c,376,,True,,,
CPT-X,57,Z,,,,,,space,339,,True,,,
CPT-X,58,P,,,,,,space,323,,True,,,
CPT-X,59,X,,,,,,c,396,,True,,,
CPT-X,60,M,,,,,,space,328,,True,,,
CPT-X,61,B,,,,,,space,317,,True,,,
CPT-X,62,X,,,,,,c,419,,True,,,
CPT-X,63,A,,,,,,space,778,,True,,,
CPT-X,64,X,,,,,,c,500,,True,,,
CPT-X,65,K,,,,,,space,396,,True,,,
CPT-X,66,V,,,,,,space,362,,True,,,
CPT-X,67,E,,,,,,space,335,,True,,,
CPT-X,68,S,,,,,,space,344,,True,,,
CPT-X,69,D,,,,,,space,336,,True,,,
CPT-X,70,E,,,,,,space,366,,True,,,
CPT-X,71,L,,,,,,space,368,,True,,,
CPT-X,72,A,,,,,,space,292,,True,,,
CPT-X,73,X,,,,,,space,257,,False,,,
CPT-X,74,E,,,,,,space,330,,True,,,
CPT-X,75,X,,,,,,c,471,,True,,,
CPT-X,76,X,,,,,,c,449,,True,,,
CPT-X,77,X,,,,,,c,365,,True,,,
CPT-X,78,H,,,,,,space,377,,True,,,
CPT-X,79,X,,,,,,c,451,,True,,,
CPT-X,80,X,,,,,,c,440,,True,,,
CPT-X,81,S,,,,,,space,328,,True,,,
CPT-X,82,F,,,,,,space,514,,True,,,
CPT-X,83,X,,,,,,c,422,,True,,,
CPT-X,84,L,,,,,,space,374,,True,,,
CPT-X,85,R,,,,,,space,404,,True,,,
CPT-X,86,U,,,,,,space,381,,True,,,
CPT-X,87,P,,,,,,space,384,,True,,,
CPT-X,88,X,,,,,,c,373,,True,,,
CPT-X,89,V,,,,,,space,338,,True,,,
CPT-X,90,X,,,,,,c,401,,True,,,
CPT-X,91,X,,,,,,space,325,,False,,,
CPT-X,92,X,,,,,,c,439,,True,,,
CPT-X,93,N,,,,,,space,426,,True,,,
CPT-X,94,X,,,,,,c,420,,True,,,
CPT-X,95,A,,,,,,space,383,,True,,,
CPT-X,96,X,,,,,,c,395,,True,,,
CPT-X,97,N,,,,,,space,408,,True,,,
CPT-X,98,E,,,,,,space,377,,True,,,
CPT-X,99,B,,,,,,space,351,,True,,,
CPT-X,100,A,,,,,,space,283,,True,,,
CPT-X,101,X,,,,,,c,405,,True,,,
CPT-X,102,X,,,,,,c,386,,True,,,
CPT-X,103,G,,,,,,space,385,,True,,,
CPT-X,104,K,,,,,,c,409,,False,,,
CPT-X,105,X,,,,,,c,455,,True,,,
CPT-X,106,T,,,,,,space,351,,True,,,
CPT-X,107,E,,,,,,space,383,,True,,,
CPT-X,108,S,,,,,,space,483,,True,,,
CPT-X,109,X,,,,,,c,433,,True,,,
CPT-X,110,X,,,,,,c,397,,True,,,
CPT-X,111,Z,,,,,,space,362,,True,,,
CPT-X,112,X,,,,,,c,462,,True,,,
CPT-X,113,X,,,,,,c,397,,True,,,
CPT-X,114,H,,,,,,space,358,,True,,,
CPT-X,115,D,,,,,,space,353,,True,,,
CPT-X,116,V,,,,,,space,345,,True,,,
CPT-X,117,F,,,,,,space,396,,True,,,
CPT-X,118,J,,,,,,space,350,,True,,,
CPT-X,119,R,,,,,,space,353,,True,,,
Stroop A,1,yellow_yellow,VÀNG,yellow,,,,c,1859,2109,False,,,
Stroop A,2,red_red,ĐỎ,red,,,,c,1447,1697,False,,,
Stroop A,3,red_red,ĐỎ,red,,,,m,413,663,True,,,
Stroop A,4,yellow_red,VÀNG,red,,,,m,1199,1449,True,,,
Stroop A,5,red_blue,ĐỎ,blue,,,,m,824,1074,False,,,
Stroop A,6,yellow_blue,VÀNG,blue,,,,timeout,2000,2250,False,,,
Stroop A,7,green_green,XANH LÁ,green,,,,c,313,563,True,,,
Stroop A,8,blue_green,XANH DƯƠNG,green,,,,m,1720,1970,False,,,
Stroop A,9,green_red,XANH LÁ,red,,,,m,548,798,True,,,
Stroop A,10,red_yellow,ĐỎ,yellow,,,,c,316,566,False,,,
Stroop A,11,green_green,XANH LÁ,green,,,,m,412,662,False,,,
Stroop A,12,blue_blue,XANH DƯƠNG,blue,,,,m,319,569,False,,,
Stroop A,13,blue_blue,XANH DƯƠNG,blue,,,,m,757,1007,False,,,
Stroop A,14,yellow_green,VÀNG,green,,,,c,1704,1954,True,,,
Stroop A,15,yellow_yellow,VÀNG,yellow,,,,m,1382,1632,True,,,
Stroop A,16,red_green,ĐỎ,green,,,,m,1101,1351,False,,,
Stroop A,17,blue_red,XANH DƯƠNG,red,,,,c,917,1167,False,,,
Stroop A,18,blue_blue,XANH DƯƠNG,blue,,,,m,1047,1297,False,,,
Stroop A,19,yellow_yellow,VÀNG,yellow,,,,m,424,674,True,,,
Stroop A,20,green_yellow,XANH LÁ,yellow,,,,m,744,994,True,,,
Stroop A,21,green_green,XANH LÁ,green,,,,c,683,933,True,,,
Stroop A,22,blue_yellow,XANH DƯƠNG,yellow,,,,m,863,1113,True,,,
Stroop A,23,red_red,ĐỎ,red,,,,m,700,950,True,,,
Stroop A,24,green_blue,XANH LÁ,blue,,,,c,484,734,True,,,
Stroop A,25,green_blue,XANH LÁ,blue,,,,c,272,522,True,,,
Stroop A,26,red_blue,ĐỎ,blue,,,,c,1942,2192,True,,,
Stroop A,27,yellow_red,VÀNG,red,,,,m,683,933,True,,,
Stroop A,28,blue_yellow,XANH DƯƠNG,yellow,,,,m,936,1186,True,,,
Stroop A,29,red_red,ĐỎ,red,,,,m,614,864,True,,,
Stroop A,30,red_yellow,ĐỎ,yellow,,,,m,325,575,True,,,
Stroop A,31,blue_red,XANH DƯƠNG,red,,,,m,719,969,True,,,
Stroop A,32,yellow_green,VÀNG,green,,,,c,879,1129,True,,,
Stroop A,33,blue_green,XANH DƯƠNG,green,,,,c,252,502,True,,,
Stroop A,34,red_red,ĐỎ,red,,,,m,325,575,True,,,
Stroop A,35,blue_blue,XANH DƯƠNG,blue,,,,c,640,890,True,,,
Stroop A,36,green_red,XANH LÁ,red,,,,m,265,515,True,,,
Stroop A,37,green_green,XANH LÁ,green,,,,m,497,747,False,,,
Stroop A,38,green_green,XANH LÁ,green,,,,c,321,571,True,,,
Stroop A,39,green_yellow,XANH LÁ,yellow,,,,m,264,514,True,,,
Stroop A,40,yellow_yellow,VÀNG,yellow,,,,m,852,1102,True,,,
Stroop A,41,yellow_yellow,VÀNG,yellow,,,,m,161,411,True,,,
Stroop A,42,yellow_blue,VÀNG,blue,,,,c,336,586,True,,,
Stroop A,43,blue_blue,XANH DƯƠNG,blue,,,,c,410,660,True,,,
Stroop A,44,red_red,ĐỎ,red,,,,m,214,464,True,,,
Stroop A,45,green_green,XANH LÁ,green,,,,c,194,444,True,,,
Stroop A,46,blue_blue,XANH DƯƠNG,blue,,,,c,434,684,True,,,
Stroop A,47,yellow_yellow,VÀNG,yellow,,,,m,369,619,True,,,
Stroop A,48,red_green,ĐỎ,green,,,,c,1093,1343,True,,,
Stroop A,49,yellow_red,VÀNG,red,,,,m,330,580,True,,,
Stroop A,50,yellow_yellow,VÀNG,yellow,,,,m,656,906,True,,,
Stroop A,51,blue_blue,XANH DƯƠNG,blue,,,,c,412,662,True,,,
Stroop A,52,blue_green,XANH DƯƠNG,green,,,,m,319,569,False,,,
Stroop A,53,blue_yellow,XANH DƯƠNG,yellow,,,,m,363,613,True,,,
Stroop A,54,green_green,XANH LÁ,green,,,,c,658,908,True,,,
Stroop A,55,red_blue,ĐỎ,blue,,,,c,536,786,True,,,
Stroop A,56,red_yellow,ĐỎ,yellow,,,,m,330,580,True,,,
Stroop A,57,yellow_yellow,VÀNG,yellow,,,,m,122,372,True,,,
Stroop A,58,blue_red,XANH DƯƠNG,red,,,,m,553,803,True,,,
Stroop A,59,red_red,ĐỎ,red,,,,m,132,382,True,,,
Stroop A,60,blue_blue,XANH DƯƠNG,blue,,,,c,324,574,True,,,
Stroop A,61,yellow_yellow,VÀNG,yellow,,,,m,426,676,True,,,
Stroop A,62,green_green,XANH LÁ,green,,,,c,364,614,True,,,
Stroop A,63,red_red,ĐỎ,red,,,,m,258,508,True,,,
Stroop A,64,green_red,XANH LÁ,red,,,,m,332,582,True,,,
Stroop A,65,red_red,ĐỎ,red,,,,m,278,528,True,,,
Stroop A,66,yellow_blue,VÀNG,blue,,,,c,238,488,True,,,
Stroop A,67,blue_blue,XANH DƯƠNG,blue,,,,c,509,759,True,,,
Stroop A,68,green_green,XANH LÁ,green,,,,m,242,492,False,,,
Stroop A,69,green_blue,XANH LÁ,blue,,,,c,368,618,True,,,
Stroop A,70,yellow_green,VÀNG,green,,,,m,235,485,False,,,
Stroop A,71,green_yellow,XANH LÁ,yellow,,,,m,178,428,True,,,
Stroop A,72,red_green,ĐỎ,green,,,,c,370,620,True,,,
Stroop A,73,yellow_yellow,VÀNG,yellow,,,,m,952,1202,True,,,
Stroop A,74,blue_blue,XANH DƯƠNG,blue,,,,c,416,666,True,,,
Stroop A,75,red_red,ĐỎ,red,,,,m,252,502,True,,,
Stroop A,76,red_green,ĐỎ,green,,,,c,1356,1606,True,,,
Stroop A,77,yellow_yellow,VÀNG,yellow,,,,m,360,610,True,,,
Stroop A,78,blue_yellow,XANH DƯƠNG,yellow,,,,m,256,506,True,,,
Stroop A,79,green_yellow,XANH LÁ,yellow,,,,m,134,384,True,,,
Stroop A,80,red_blue,ĐỎ,blue,,,,c,194,444,True,,,
Stroop A,81,green_green,XANH LÁ,green,,,,c,282,532,True,,,
Stroop A,82,green_red,XANH LÁ,red,,,,m,351,601,True,,,
Stroop A,83,red_red,ĐỎ,red,,,,m,171,421,True,,,
Stroop A,84,blue_red,XANH DƯƠNG,red,,,,m,71,321,True,,,
Stroop A,85,yellow_red,VÀNG,red,,,,m,91,341,True,,,
Stroop A,86,red_red,ĐỎ,red,,,,m,78,328,True,,,
Stroop A,87,green_green,XANH LÁ,green,,,,c,158,408,True,,,
Stroop A,88,yellow_blue,VÀNG,blue,,,,c,674,924,True,,,
Stroop A,89,green_blue,XANH LÁ,blue,,,,c,143,393,True,,,
Stroop A,90,blue_blue,XANH DƯƠNG,blue,,,,c,87,337,True,,,
Stroop A,91,blue_green,XANH DƯƠNG,green,,,,m,101,351,False,,,
Stroop A,92,blue_blue,XANH DƯƠNG,blue,,,,c,252,502,True,,,
Stroop A,93,yellow_yellow,VÀNG,yellow,,,,m,222,472,True,,,
Stroop A,94,yellow_green,VÀNG,green,,,,c,520,770,True,,,
Stroop A,95,green_green,XANH LÁ,green,,,,c,109,359,True,,,
Stroop A,96,red_yellow,ĐỎ,yellow,,,,m,426,676,True,,,
Stroop A,97,blue_blue,XANH DƯƠNG,blue,,,,c,161,411,True,,,
Stroop A,98,green_blue,XANH LÁ,blue,,,,c,200,450,True,,,
Stroop A,99,yellow_yellow,VÀNG,yellow,,,,c,314,564,False,,,
Stroop A,100,blue_blue,XANH DƯƠNG,blue,,,,c,444,694,True,,,
Stroop A,101,red_green,ĐỎ,green,,,,c,437,687,True,,,
Stroop A,102,green_green,XANH LÁ,green,,,,c,318,568,True,,,
Stroop A,103,red_blue,ĐỎ,blue,,,,c,570,820,True,,,
Stroop A,104,green_yellow,XANH LÁ,yellow,,,,m,323,573,True,,,
Stroop A,105,green_green,XANH LÁ,green,,,,c,321,571,True,,,
Stroop A,106,yellow_green,VÀNG,green,,,,c,212,462,True,,,
Stroop A,107,red_red,ĐỎ,red,,,,m,219,469,True,,,
Stroop A,108,yellow_yellow,VÀNG,yellow,,,,m,255,505,True,,,
Stroop A,109,blue_blue,XANH DƯƠNG,blue,,,,c,219,469,True,,,
Stroop A,110,red_red,ĐỎ,red,,,,m,488,738,True,,,
Stroop A,111,yellow_yellow,VÀNG,yellow,,,,m,548,798,True,,,
Stroop A,112,green_green,XANH LÁ,green,,,,c,170,420,True,,,
Stroop A,113,red_red,ĐỎ,red,,,,m,448,698,True,,,
Stroop A,114,blue_green,XANH DƯƠNG,green,,,,c,435,685,True,,,
Stroop A,115,red_yellow,ĐỎ,yellow,,,,m,305,555,True,,,
Stroop A,116,green_red,XANH LÁ,red,,,,m,329,579,True,,,
Stroop A,117,blue_red,XANH DƯƠNG,red,,,,m,162,412,True,,,
Stroop A,118,yellow_blue,VÀNG,blue,,,,c,158,408,True,,,
Stroop A,119,yellow_red,VÀNG,red,,,,m,263,513,True,,,
Multiplication,1,,,,10,15,150,150,2404,,True,,,
Multiplication,2,,,,13,73,949,949,23787,,True,,,
Multiplication,3,,,,83,20,1660,1660,5739,,True,,,
Multiplication,4,,,,95,27,2565,1675,54205,,False,,,
Multiplication,5,,,,55,36,1980,1980,21520,,True,,,
Multiplication,6,,,,13,45,585,585,15321,,True,,,
Multiplication,7,,,,38,17,646,incomplete,47797,,False,,,
